name,email,body
Bhasvan Kapoor,bhasvan_kapoor@mayer-stroman.io,Voluptatem repellendus aut. In nesciunt laborum.
Sarada Guha,guha_sarada@connelly.co,Consequatur aspernatur eos.
Satyen Khan,khan_satyen@conn.biz,Quisquam sed sit. Voluptas in repudiandae. Nostrum porro ut. In et quia.
Hamsini Patil DC,dc_patil_hamsini@anderson-oconner.net,In dolores delectus. Pariatur consequatur quia.
Dinakar Nayar,dinakar_nayar@rau.biz,Nulla illo eaque. Omnis debitis sed.
Amaranaath Johar,amaranaath_johar@yost.io,Tenetur deleniti et.
Bhadra Mehrotra,mehrotra_bhadra@legros.name,Qui id et.
Giriraaj Sethi,giriraaj_sethi@klocko.co,Et et velit. Vel at beatae. Distinctio facilis rerum.
Upendra Namboothiri,namboothiri_upendra@lockman.org,Assumenda iusto aperiam. Autem alias soluta.
Trilochana Mehrotra Jr.,trilochana_mehrotra_jr@kessler-kshlerin.name,Dicta totam corrupti. Officiis et et. Rerum fugiat et.
Msgr. Ekaaksh Ahuja,msgr_ahuja_ekaaksh@schaefer.biz,Sint provident dolorum. Et natus tempora. Qui rerum provident. Officia voluptas aperiam.
Ghanaanand Jha,jha_ghanaanand@nolan-cummerata.name,Molestiae dolores optio. Fuga qui vero.
Rev. Alok Panicker,panicker_alok_rev@hamill-douglas.biz,Doloribus possimus quibusdam.
Rajendra Mishra JD,mishra_rajendra_jd@harris.org,Fugit in nobis. Tempora qui placeat. Illum deleniti atque.
Aanand Singh,singh_aanand@treutel.com,Ipsa unde et. Quam est ratione.
Sukanya Bhattathiri III,iii_bhattathiri_sukanya@kessler.org,Deleniti expedita consequatur. Reiciendis debitis quidem. Suscipit eos velit. Quam esse at.
Atreyi Kaur DVM,dvm_kaur_atreyi@mccullough.org,Consequatur sit est. Illum voluptas dolorum. Aut quia facilis.
Anjushree Kaul,kaul_anjushree@gleichner.info,Totam ut et. In totam harum. Enim voluptas provident. Sint eum voluptate.
Tara Dhawan,dhawan_tara@johnston.biz,Esse doloribus totam.
Garuda Patel,garuda_patel@olson.co,Consectetur repellat voluptas.
